filename,relative_path,valence,category,subcategory
N10_Dead Animals.jpg,Negative (Organized)/Dead Animals/N10_Dead Animals.jpg,negative,Dead_Animals,
N11_Dead Animals.jpg,Negative (Organized)/Dead Animals/N11_Dead Animals.jpg,negative,Dead_Animals,
N12_Dead Animals.jpg,Negative (Organized)/Dead Animals/N12_Dead Animals.jpg,negative,Dead_Animals,
N13_Dead Animals.jpg,Negative (Organized)/Dead Animals/N13_Dead Animals.jpg,negative,Dead_Animals,
N14_Dead Animals.jpg,Negative (Organized)/Dead Animals/N14_Dead Animals.jpg,negative,Dead_Animals,
N15_Dead Animals.jpg,Negative (Organized)/Dead Animals/N15_Dead Animals.jpg,negative,Dead_Animals,
N16_Dead Animals.jpg,Negative (Organized)/Dead Animals/N16_Dead Animals.jpg,negative,Dead_Animals,
N17_Dead Animals.jpg,Negative (Organized)/Dead Animals/N17_Dead Animals.jpg,negative,Dead_Animals,
N18_Dead Animals.jpg,Negative (Organized)/Dead Animals/N18_Dead Animals.jpg,negative,Dead_Animals,
N19_Dead Animals.jpg,Negative (Organized)/Dead Animals/N19_Dead Animals.jpg,negative,Dead_Animals,
N1_Dead Animals.bmp,Negative (Organized)/Dead Animals/N1_Dead Animals.bmp,negative,Dead_Animals,
N20_Dead Animals.jpg,Negative (Organized)/Dead Animals/N20_Dead Animals.jpg,negative,Dead_Animals,
N21_Dead Animals.jpg,Negative (Organized)/Dead Animals/N21_Dead Animals.jpg,negative,Dead_Animals,
N22_Dead Animals.jpg,Negative (Organized)/Dead Animals/N22_Dead Animals.jpg,negative,Dead_Animals,
N23_Dead Animals.bmp,Negative (Organized)/Dead Animals/N23_Dead Animals.bmp,negative,Dead_Animals,
N24_Dead Animals.jpg,Negative (Organized)/Dead Animals/N24_Dead Animals.jpg,negative,Dead_Animals,
N25_Dead Animals.jpg,Negative (Organized)/Dead Animals/N25_Dead Animals.jpg,negative,Dead_Animals,
N26_Dead Animals.jpg,Negative (Organized)/Dead Animals/N26_Dead Animals.jpg,negative,Dead_Animals,
N27_Dead Animals.jpg,Negative (Organized)/Dead Animals/N27_Dead Animals.jpg,negative,Dead_Animals,
N28_Dead Animals.bmp,Negative (Organized)/Dead Animals/N28_Dead Animals.bmp,negative,Dead_Animals,
N29_Dead Animals.bmp,Negative (Organized)/Dead Animals/N29_Dead Animals.bmp,negative,Dead_Animals,
N2_Dead Animals.bmp,Negative (Organized)/Dead Animals/N2_Dead Animals.bmp,negative,Dead_Animals,
N30_Dead Animals.bmp,Negative (Organized)/Dead Animals/N30_Dead Animals.bmp,negative,Dead_Animals,
N31_Dead Animals.bmp,Negative (Organized)/Dead Animals/N31_Dead Animals.bmp,negative,Dead_Animals,
N32_Dead Animals.bmp,Negative (Organized)/Dead Animals/N32_Dead Animals.bmp,negative,Dead_Animals,
N33_Dead Animals.bmp,Negative (Organized)/Dead Animals/N33_Dead Animals.bmp,negative,Dead_Animals,
N34_Dead Animals.bmp,Negative (Organized)/Dead Animals/N34_Dead Animals.bmp,negative,Dead_Animals,
N35_Dead Animals.bmp,Negative (Organized)/Dead Animals/N35_Dead Animals.bmp,negative,Dead_Animals,
N36_Dead Animals.bmp,Negative (Organized)/Dead Animals/N36_Dead Animals.bmp,negative,Dead_Animals,
N37_Dead Animals.jpg,Negative (Organized)/Dead Animals/N37_Dead Animals.jpg,negative,Dead_Animals,
N3_Dead Animals.jpg,Negative (Organized)/Dead Animals/N3_Dead Animals.jpg,negative,Dead_Animals,
N4_Dead Animals.jpg,Negative (Organized)/Dead Animals/N4_Dead Animals.jpg,negative,Dead_Animals,
N5_Dead Animals.jpg,Negative (Organized)/Dead Animals/N5_Dead Animals.jpg,negative,Dead_Animals,
N6_Dead Animals.jpg,Negative (Organized)/Dead Animals/N6_Dead Animals.jpg,negative,Dead_Animals,
N7_Dead Animals.jpg,Negative (Organized)/Dead Animals/N7_Dead Animals.jpg,negative,Dead_Animals,
N8_Dead Animals.jpg,Negative (Organized)/Dead Animals/N8_Dead Animals.jpg,negative,Dead_Animals,
N9_Dead Animals.jpg,Negative (Organized)/Dead Animals/N9_Dead Animals.jpg,negative,Dead_Animals,
N38_Dead People.jpg,Negative (Organized)/Dead People/N38_Dead People.jpg,negative,Dead_People,
N39_Dead People.jpg,Negative (Organized)/Dead People/N39_Dead People.jpg,negative,Dead_People,
N40_Dead People.bmp,Negative (Organized)/Dead People/N40_Dead People.bmp,negative,Dead_People,
N41_Dead People.bmp,Negative (Organized)/Dead People/N41_Dead People.bmp,negative,Dead_People,
N42_Dead People.jpg,Negative (Organized)/Dead People/N42_Dead People.jpg,negative,Dead_People,
N43_Dead People.jpg,Negative (Organized)/Dead People/N43_Dead People.jpg,negative,Dead_People,
N44_Dead People.jpg,Negative (Organized)/Dead People/N44_Dead People.jpg,negative,Dead_People,
N45_Dead People.jpg,Negative (Organized)/Dead People/N45_Dead People.jpg,negative,Dead_People,
N46_Dead People.jpg,Negative (Organized)/Dead People/N46_Dead People.jpg,negative,Dead_People,
N47_Dead People.jpg,Negative (Organized)/Dead People/N47_Dead People.jpg,negative,Dead_People,
N48_Dead People.jpg,Negative (Organized)/Dead People/N48_Dead People.jpg,negative,Dead_People,
N49_Dead People.jpg,Negative (Organized)/Dead People/N49_Dead People.jpg,negative,Dead_People,
N50_Dead People.jpg,Negative (Organized)/Dead People/N50_Dead People.jpg,negative,Dead_People,
N51_Dead People.jpg,Negative (Organized)/Dead People/N51_Dead People.jpg,negative,Dead_People,
N52_Dead People.jpg,Negative (Organized)/Dead People/N52_Dead People.jpg,negative,Dead_People,
N53_Dead People.jpg,Negative (Organized)/Dead People/N53_Dead People.jpg,negative,Dead_People,
N54_Dead People.jpg,Negative (Organized)/Dead People/N54_Dead People.jpg,negative,Dead_People,
N55_Dead People.jpg,Negative (Organized)/Dead People/N55_Dead People.jpg,negative,Dead_People,
N56_Dead People.jpg,Negative (Organized)/Dead People/N56_Dead People.jpg,negative,Dead_People,
N57_Dead People.jpg,Negative (Organized)/Dead People/N57_Dead People.jpg,negative,Dead_People,
N58_Dead People.jpg,Negative (Organized)/Dead People/N58_Dead People.jpg,negative,Dead_People,
N59_Dead People.jpg,Negative (Organized)/Dead People/N59_Dead People.jpg,negative,Dead_People,
N60_Dead People.jpg,Negative (Organized)/Dead People/N60_Dead People.jpg,negative,Dead_People,
N61_Dead People.jpg,Negative (Organized)/Dead People/N61_Dead People.jpg,negative,Dead_People,
N62_Dead People.jpg,Negative (Organized)/Dead People/N62_Dead People.jpg,negative,Dead_People,
N63_Dead People.jpg,Negative (Organized)/Dead People/N63_Dead People.jpg,negative,Dead_People,
N100_Injury_Wounds_Blood (Gory).jpg,Negative (Organized)/Injury_Wounds_Blood (Gory)/N100_Injury_Wounds_Blood (Gory).jpg,negative,Injury_Wounds_Blood,
N101_Injury_Wounds_Blood (Gory).jpg,Negative (Organized)/Injury_Wounds_Blood (Gory)/N101_Injury_Wounds_Blood (Gory).jpg,negative,Injury_Wounds_Blood,
N102_Injury_Wounds_Blood (Gory).jpg,Negative (Organized)/Injury_Wounds_Blood (Gory)/N102_Injury_Wounds_Blood (Gory).jpg,negative,Injury_Wounds_Blood,
N103_Injury_Wounds_Blood (Gory).jpg,Negative (Organized)/Injury_Wounds_Blood (Gory)/N103_Injury_Wounds_Blood (Gory).jpg,negative,Injury_Wounds_Blood,
N104_Injury_Wounds_Blood (Gory).jpg,Negative (Organized)/Injury_Wounds_Blood (Gory)/N104_Injury_Wounds_Blood (Gory).jpg,negative,Injury_Wounds_Blood,
N105_Injury_Wounds_Blood (Gory).jpg,Negative (Organized)/Injury_Wounds_Blood (Gory)/N105_Injury_Wounds_Blood (Gory).jpg,negative,Injury_Wounds_Blood,
N106_Injury_Wounds_Blood (Gory).jpg,Negative (Organized)/Injury_Wounds_Blood (Gory)/N106_Injury_Wounds_Blood (Gory).jpg,negative,Injury_Wounds_Blood,
N64_Injury_Wounds_Blood (Gory).bmp,Negative (Organized)/Injury_Wounds_Blood (Gory)/N64_Injury_Wounds_Blood (Gory).bmp,negative,Injury_Wounds_Blood,
N65_Injury_Wounds_Blood (Gory).bmp,Negative (Organized)/Injury_Wounds_Blood (Gory)/N65_Injury_Wounds_Blood (Gory).bmp,negative,Injury_Wounds_Blood,
N66_Injury_Wounds_Blood (Gory).jpg,Negative (Organized)/Injury_Wounds_Blood (Gory)/N66_Injury_Wounds_Blood (Gory).jpg,negative,Injury_Wounds_Blood,
N67_Injury_Wounds_Blood (Gory).jpg,Negative (Organized)/Injury_Wounds_Blood (Gory)/N67_Injury_Wounds_Blood (Gory).jpg,negative,Injury_Wounds_Blood,
N68_Injury_Wounds_Blood (Gory).jpg,Negative (Organized)/Injury_Wounds_Blood (Gory)/N68_Injury_Wounds_Blood (Gory).jpg,negative,Injury_Wounds_Blood,
N69_Injury_Wounds_Blood (Gory).jpg,Negative (Organized)/Injury_Wounds_Blood (Gory)/N69_Injury_Wounds_Blood (Gory).jpg,negative,Injury_Wounds_Blood,
N70_Injury_Wounds_Blood (Gory).bmp,Negative (Organized)/Injury_Wounds_Blood (Gory)/N70_Injury_Wounds_Blood (Gory).bmp,negative,Injury_Wounds_Blood,
N71_Injury_Wounds_Blood (Gory).jpg,Negative (Organized)/Injury_Wounds_Blood (Gory)/N71_Injury_Wounds_Blood (Gory).jpg,negative,Injury_Wounds_Blood,
N72_Injury_Wounds_Blood (Gory).jpg,Negative (Organized)/Injury_Wounds_Blood (Gory)/N72_Injury_Wounds_Blood (Gory).jpg,negative,Injury_Wounds_Blood,
N73_Injury_Wounds_Blood (Gory).jpg,Negative (Organized)/Injury_Wounds_Blood (Gory)/N73_Injury_Wounds_Blood (Gory).jpg,negative,Injury_Wounds_Blood,
N74_Injury_Wounds_Blood (Gory).jpg,Negative (Organized)/Injury_Wounds_Blood (Gory)/N74_Injury_Wounds_Blood (Gory).jpg,negative,Injury_Wounds_Blood,
N75_Injury_Wounds_Blood (Gory).jpg,Negative (Organized)/Injury_Wounds_Blood (Gory)/N75_Injury_Wounds_Blood (Gory).jpg,negative,Injury_Wounds_Blood,
N76_Injury_Wounds_Blood (Gory).jpg,Negative (Organized)/Injury_Wounds_Blood (Gory)/N76_Injury_Wounds_Blood (Gory).jpg,negative,Injury_Wounds_Blood,
N77_Injury_Wounds_Blood (Gory).bmp,Negative (Organized)/Injury_Wounds_Blood (Gory)/N77_Injury_Wounds_Blood (Gory).bmp,negative,Injury_Wounds_Blood,
N78_Injury_Wounds_Blood (Gory).jpg,Negative (Organized)/Injury_Wounds_Blood (Gory)/N78_Injury_Wounds_Blood (Gory).jpg,negative,Injury_Wounds_Blood,
N79_Injury_Wounds_Blood (Gory).jpg,Negative (Organized)/Injury_Wounds_Blood (Gory)/N79_Injury_Wounds_Blood (Gory).jpg,negative,Injury_Wounds_Blood,
N80_Injury_Wounds_Blood (Gory).jpg,Negative (Organized)/Injury_Wounds_Blood (Gory)/N80_Injury_Wounds_Blood (Gory).jpg,negative,Injury_Wounds_Blood,
N81_Injury_Wounds_Blood (Gory).bmp,Negative (Organized)/Injury_Wounds_Blood (Gory)/N81_Injury_Wounds_Blood (Gory).bmp,negative,Injury_Wounds_Blood,
N82_Injury_Wounds_Blood (Gory).jpg,Negative (Organized)/Injury_Wounds_Blood (Gory)/N82_Injury_Wounds_Blood (Gory).jpg,negative,Injury_Wounds_Blood,
N83_Injury_Wounds_Blood (Gory).jpg,Negative (Organized)/Injury_Wounds_Blood (Gory)/N83_Injury_Wounds_Blood (Gory).jpg,negative,Injury_Wounds_Blood,
N84_Injury_Wounds_Blood (Gory).jpg,Negative (Organized)/Injury_Wounds_Blood (Gory)/N84_Injury_Wounds_Blood (Gory).jpg,negative,Injury_Wounds_Blood,
N85_Injury_Wounds_Blood (Gory).jpg,Negative (Organized)/Injury_Wounds_Blood (Gory)/N85_Injury_Wounds_Blood (Gory).jpg,negative,Injury_Wounds_Blood,
N86_Injury_Wounds_Blood (Gory).jpg,Negative (Organized)/Injury_Wounds_Blood (Gory)/N86_Injury_Wounds_Blood (Gory).jpg,negative,Injury_Wounds_Blood,
N87_Injury_Wounds_Blood (Gory).jpg,Negative (Organized)/Injury_Wounds_Blood (Gory)/N87_Injury_Wounds_Blood (Gory).jpg,negative,Injury_Wounds_Blood,
N88_Injury_Wounds_Blood (Gory).jpg,Negative (Organized)/Injury_Wounds_Blood (Gory)/N88_Injury_Wounds_Blood (Gory).jpg,negative,Injury_Wounds_Blood,
N89_Injury_Wounds_Blood (Gory).jpg,Negative (Organized)/Injury_Wounds_Blood (Gory)/N89_Injury_Wounds_Blood (Gory).jpg,negative,Injury_Wounds_Blood,
N90_Injury_Wounds_Blood (Gory).jpg,Negative (Organized)/Injury_Wounds_Blood (Gory)/N90_Injury_Wounds_Blood (Gory).jpg,negative,Injury_Wounds_Blood,
N91_Injury_Wounds_Blood (Gory).jpg,Negative (Organized)/Injury_Wounds_Blood (Gory)/N91_Injury_Wounds_Blood (Gory).jpg,negative,Injury_Wounds_Blood,
N92_Injury_Wounds_Blood (Gory).jpg,Negative (Organized)/Injury_Wounds_Blood (Gory)/N92_Injury_Wounds_Blood (Gory).jpg,negative,Injury_Wounds_Blood,
N93_Injury_Wounds_Blood (Gory).jpg,Negative (Organized)/Injury_Wounds_Blood (Gory)/N93_Injury_Wounds_Blood (Gory).jpg,negative,Injury_Wounds_Blood,
N94_Injury_Wounds_Blood (Gory).jpg,Negative (Organized)/Injury_Wounds_Blood (Gory)/N94_Injury_Wounds_Blood (Gory).jpg,negative,Injury_Wounds_Blood,
N95_Injury_Wounds_Blood (Gory).jpg,Negative (Organized)/Injury_Wounds_Blood (Gory)/N95_Injury_Wounds_Blood (Gory).jpg,negative,Injury_Wounds_Blood,
N96_Injury_Wounds_Blood (Gory).jpg,Negative (Organized)/Injury_Wounds_Blood (Gory)/N96_Injury_Wounds_Blood (Gory).jpg,negative,Injury_Wounds_Blood,
N97_Injury_Wounds_Blood (Gory).jpg,Negative (Organized)/Injury_Wounds_Blood (Gory)/N97_Injury_Wounds_Blood (Gory).jpg,negative,Injury_Wounds_Blood,
N98_Injury_Wounds_Blood (Gory).jpg,Negative (Organized)/Injury_Wounds_Blood (Gory)/N98_Injury_Wounds_Blood (Gory).jpg,negative,Injury_Wounds_Blood,
N99_Injury_Wounds_Blood (Gory).jpg,Negative (Organized)/Injury_Wounds_Blood (Gory)/N99_Injury_Wounds_Blood (Gory).jpg,negative,Injury_Wounds_Blood,
N107_Negative Circumstances.bmp,Negative (Organized)/Negative Circumstances/N107_Negative Circumstances.bmp,negative,Negative_Circumstances,
N108_Negative Circumstances.jpg,Negative (Organized)/Negative Circumstances/N108_Negative Circumstances.jpg,negative,Negative_Circumstances,
N109_Negative Circumstances.jpg,Negative (Organized)/Negative Circumstances/N109_Negative Circumstances.jpg,negative,Negative_Circumstances,
N110_Negative Circumstances.jpg,Negative (Organized)/Negative Circumstances/N110_Negative Circumstances.jpg,negative,Negative_Circumstances,
N111_Negative Circumstances.jpg,Negative (Organized)/Negative Circumstances/N111_Negative Circumstances.jpg,negative,Negative_Circumstances,
N112_Negative Circumstances.bmp,Negative (Organized)/Negative Circumstances/N112_Negative Circumstances.bmp,negative,Negative_Circumstances,
N113_Negative Circumstances.jpg,Negative (Organized)/Negative Circumstances/N113_Negative Circumstances.jpg,negative,Negative_Circumstances,
N114_Negative Circumstances.jpg,Negative (Organized)/Negative Circumstances/N114_Negative Circumstances.jpg,negative,Negative_Circumstances,
N115_Negative Circumstances.jpg,Negative (Organized)/Negative Circumstances/N115_Negative Circumstances.jpg,negative,Negative_Circumstances,
N116_Negative Circumstances.jpg,Negative (Organized)/Negative Circumstances/N116_Negative Circumstances.jpg,negative,Negative_Circumstances,
N117_Negative Circumstances.bmp,Negative (Organized)/Negative Circumstances/N117_Negative Circumstances.bmp,negative,Negative_Circumstances,
N118_Negative Circumstances.jpg,Negative (Organized)/Negative Circumstances/N118_Negative Circumstances.jpg,negative,Negative_Circumstances,
N119_Negative Circumstances.jpg,Negative (Organized)/Negative Circumstances/N119_Negative Circumstances.jpg,negative,Negative_Circumstances,
N120_Negative Circumstances.jpg,Negative (Organized)/Negative Circumstances/N120_Negative Circumstances.jpg,negative,Negative_Circumstances,
N121_Negative Circumstances.jpg,Negative (Organized)/Negative Circumstances/N121_Negative Circumstances.jpg,negative,Negative_Circumstances,
N122_Negative Circumstances.jpg,Negative (Organized)/Negative Circumstances/N122_Negative Circumstances.jpg,negative,Negative_Circumstances,
N123_Negative Circumstances.jpg,Negative (Organized)/Negative Circumstances/N123_Negative Circumstances.jpg,negative,Negative_Circumstances,
N124_Negative Circumstances.jpg,Negative (Organized)/Negative Circumstances/N124_Negative Circumstances.jpg,negative,Negative_Circumstances,
N125_Negative Circumstances.jpg,Negative (Organized)/Negative Circumstances/N125_Negative Circumstances.jpg,negative,Negative_Circumstances,
N126_Negative Circumstances.jpg,Negative (Organized)/Negative Circumstances/N126_Negative Circumstances.jpg,negative,Negative_Circumstances,
N127_Negative Circumstances.jpg,Negative (Organized)/Negative Circumstances/N127_Negative Circumstances.jpg,negative,Negative_Circumstances,
N128_Negative Circumstances.jpg,Negative (Organized)/Negative Circumstances/N128_Negative Circumstances.jpg,negative,Negative_Circumstances,
N129_Negative Circumstances.jpg,Negative (Organized)/Negative Circumstances/N129_Negative Circumstances.jpg,negative,Negative_Circumstances,
N130_Negative Circumstances.jpg,Negative (Organized)/Negative Circumstances/N130_Negative Circumstances.jpg,negative,Negative_Circumstances,
N131_Negative Circumstances.jpg,Negative (Organized)/Negative Circumstances/N131_Negative Circumstances.jpg,negative,Negative_Circumstances,
N132_Negative Circumstances.jpg,Negative (Organized)/Negative Circumstances/N132_Negative Circumstances.jpg,negative,Negative_Circumstances,
N133_Negative Circumstances.bmp,Negative (Organized)/Negative Circumstances/N133_Negative Circumstances.bmp,negative,Negative_Circumstances,
N134_Negative Circumstances.jpg,Negative (Organized)/Negative Circumstances/N134_Negative Circumstances.jpg,negative,Negative_Circumstances,
N135_Negative Circumstances.bmp,Negative (Organized)/Negative Circumstances/N135_Negative Circumstances.bmp,negative,Negative_Circumstances,
N136_Negative Circumstances.jpg,Negative (Organized)/Negative Circumstances/N136_Negative Circumstances.jpg,negative,Negative_Circumstances,
N137_Negative Circumstances.jpg,Negative (Organized)/Negative Circumstances/N137_Negative Circumstances.jpg,negative,Negative_Circumstances,
N138_Negative Circumstances.jpg,Negative (Organized)/Negative Circumstances/N138_Negative Circumstances.jpg,negative,Negative_Circumstances,
N139_Negative Circumstances.jpg,Negative (Organized)/Negative Circumstances/N139_Negative Circumstances.jpg,negative,Negative_Circumstances,
N140_Negative Circumstances.jpg,Negative (Organized)/Negative Circumstances/N140_Negative Circumstances.jpg,negative,Negative_Circumstances,
N141_Negative Circumstances.jpg,Negative (Organized)/Negative Circumstances/N141_Negative Circumstances.jpg,negative,Negative_Circumstances,
N142_Negative Circumstances.jpg,Negative (Organized)/Negative Circumstances/N142_Negative Circumstances.jpg,negative,Negative_Circumstances,
N143_Negative Circumstances.jpg,Negative (Organized)/Negative Circumstances/N143_Negative Circumstances.jpg,negative,Negative_Circumstances,
N144_Negative Circumstances.jpg,Negative (Organized)/Negative Circumstances/N144_Negative Circumstances.jpg,negative,Negative_Circumstances,
N145_Negative Circumstances.jpg,Negative (Organized)/Negative Circumstances/N145_Negative Circumstances.jpg,negative,Negative_Circumstances,
N146_Negative Circumstances.jpg,Negative (Organized)/Negative Circumstances/N146_Negative Circumstances.jpg,negative,Negative_Circumstances,
N147_Negative Circumstances.jpg,Negative (Organized)/Negative Circumstances/N147_Negative Circumstances.jpg,negative,Negative_Circumstances,
N148_Negative Circumstances.jpg,Negative (Organized)/Negative Circumstances/N148_Negative Circumstances.jpg,negative,Negative_Circumstances,
N149_Negative Circumstances.jpg,Negative (Organized)/Negative Circumstances/N149_Negative Circumstances.jpg,negative,Negative_Circumstances,
N150_Negative Circumstances.jpg,Negative (Organized)/Negative Circumstances/N150_Negative Circumstances.jpg,negative,Negative_Circumstances,
N151_Negative Circumstances.jpg,Negative (Organized)/Negative Circumstances/N151_Negative Circumstances.jpg,negative,Negative_Circumstances,
N152_Negative Objects.jpg,Negative (Organized)/Negative Objects/N152_Negative Objects.jpg,negative,Negative_Objects,
N153_Negative Objects.jpg,Negative (Organized)/Negative Objects/N153_Negative Objects.jpg,negative,Negative_Objects,
N154_Negative Objects.jpg,Negative (Organized)/Negative Objects/N154_Negative Objects.jpg,negative,Negative_Objects,
N155_Negative Objects.jpg,Negative (Organized)/Negative Objects/N155_Negative Objects.jpg,negative,Negative_Objects,
N156_Negative Objects.bmp,Negative (Organized)/Negative Objects/N156_Negative Objects.bmp,negative,Negative_Objects,
N157_Negative Objects.bmp,Negative (Organized)/Negative Objects/N157_Negative Objects.bmp,negative,Negative_Objects,
N158_Negative Objects.jpg,Negative (Organized)/Negative Objects/N158_Negative Objects.jpg,negative,Negative_Objects,
N159_Negative Objects.jpg,Negative (Organized)/Negative Objects/N159_Negative Objects.jpg,negative,Negative_Objects,
N160_Negative Objects.jpg,Negative (Organized)/Negative Objects/N160_Negative Objects.jpg,negative,Negative_Objects,
N161_Negative Objects.jpg,Negative (Organized)/Negative Objects/N161_Negative Objects.jpg,negative,Negative_Objects,
N162_Negative Objects.jpg,Negative (Organized)/Negative Objects/N162_Negative Objects.jpg,negative,Negative_Objects,
N163_Negative Objects.jpg,Negative (Organized)/Negative Objects/N163_Negative Objects.jpg,negative,Negative_Objects,
N164_Negative Objects.jpg,Negative (Organized)/Negative Objects/N164_Negative Objects.jpg,negative,Negative_Objects,
N165_Negative Objects.jpg,Negative (Organized)/Negative Objects/N165_Negative Objects.jpg,negative,Negative_Objects,
N166_Negative Objects.jpg,Negative (Organized)/Negative Objects/N166_Negative Objects.jpg,negative,Negative_Objects,
N167_Negative Objects.jpg,Negative (Organized)/Negative Objects/N167_Negative Objects.jpg,negative,Negative_Objects,
N168_Negative Objects.jpg,Negative (Organized)/Negative Objects/N168_Negative Objects.jpg,negative,Negative_Objects,
N169_Negative Objects.jpg,Negative (Organized)/Negative Objects/N169_Negative Objects.jpg,negative,Negative_Objects,
N170_Negative Objects.jpg,Negative (Organized)/Negative Objects/N170_Negative Objects.jpg,negative,Negative_Objects,
N171_Negative Objects.jpg,Negative (Organized)/Negative Objects/N171_Negative Objects.jpg,negative,Negative_Objects,
N172_Negative Objects.jpg,Negative (Organized)/Negative Objects/N172_Negative Objects.jpg,negative,Negative_Objects,
N173_Negative Objects.jpg,Negative (Organized)/Negative Objects/N173_Negative Objects.jpg,negative,Negative_Objects,
N174_Negative Objects.jpg,Negative (Organized)/Negative Objects/N174_Negative Objects.jpg,negative,Negative_Objects,
N175_Negative Objects.jpg,Negative (Organized)/Negative Objects/N175_Negative Objects.jpg,negative,Negative_Objects,
N176_Negative Objects.jpg,Negative (Organized)/Negative Objects/N176_Negative Objects.jpg,negative,Negative_Objects,
N177B_Negative Objects.jpg,Negative (Organized)/Negative Objects/N177B_Negative Objects.jpg,negative,Negative_Objects,
N177_Negative Objects.jpg,Negative (Organized)/Negative Objects/N177_Negative Objects.jpg,negative,Negative_Objects,
N178_Sad_Negative Facial Expressions.jpg,Negative (Organized)/Sad_Negative Facial Expressions/N178_Sad_Negative Facial Expressions.jpg,negative,Sad_Negative_Facial_Expressions,
N179_Sad_Negative Facial Expressions.jpg,Negative (Organized)/Sad_Negative Facial Expressions/N179_Sad_Negative Facial Expressions.jpg,negative,Sad_Negative_Facial_Expressions,
N180_Sad_Negative Facial Expressions.jpg,Negative (Organized)/Sad_Negative Facial Expressions/N180_Sad_Negative Facial Expressions.jpg,negative,Sad_Negative_Facial_Expressions,
N181_Sad_Negative Facial Expressions.bmp,Negative (Organized)/Sad_Negative Facial Expressions/N181_Sad_Negative Facial Expressions.bmp,negative,Sad_Negative_Facial_Expressions,
N182_Sad_Negative Facial Expressions.jpg,Negative (Organized)/Sad_Negative Facial Expressions/N182_Sad_Negative Facial Expressions.jpg,negative,Sad_Negative_Facial_Expressions,
N183_Sad_Negative Facial Expressions.jpg,Negative (Organized)/Sad_Negative Facial Expressions/N183_Sad_Negative Facial Expressions.jpg,negative,Sad_Negative_Facial_Expressions,
N184_Sad_Negative Facial Expressions.jpg,Negative (Organized)/Sad_Negative Facial Expressions/N184_Sad_Negative Facial Expressions.jpg,negative,Sad_Negative_Facial_Expressions,
N185_Sad_Negative Facial Expressions.jpg,Negative (Organized)/Sad_Negative Facial Expressions/N185_Sad_Negative Facial Expressions.jpg,negative,Sad_Negative_Facial_Expressions,
N186_Sad_Negative Facial Expressions.jpg,Negative (Organized)/Sad_Negative Facial Expressions/N186_Sad_Negative Facial Expressions.jpg,negative,Sad_Negative_Facial_Expressions,
N187_Sad_Negative Facial Expressions.jpg,Negative (Organized)/Sad_Negative Facial Expressions/N187_Sad_Negative Facial Expressions.jpg,negative,Sad_Negative_Facial_Expressions,
N188_Sad_Negative Facial Expressions.jpg,Negative (Organized)/Sad_Negative Facial Expressions/N188_Sad_Negative Facial Expressions.jpg,negative,Sad_Negative_Facial_Expressions,
N189_Sad_Negative Facial Expressions.jpg,Negative (Organized)/Sad_Negative Facial Expressions/N189_Sad_Negative Facial Expressions.jpg,negative,Sad_Negative_Facial_Expressions,
N190_Sad_Negative Facial Expressions.jpg,Negative (Organized)/Sad_Negative Facial Expressions/N190_Sad_Negative Facial Expressions.jpg,negative,Sad_Negative_Facial_Expressions,
N191_Sad_Negative Facial Expressions.bmp,Negative (Organized)/Sad_Negative Facial Expressions/N191_Sad_Negative Facial Expressions.bmp,negative,Sad_Negative_Facial_Expressions,
N192_Sad_Negative Facial Expressions.jpg,Negative (Organized)/Sad_Negative Facial Expressions/N192_Sad_Negative Facial Expressions.jpg,negative,Sad_Negative_Facial_Expressions,
N193_Sad_Negative Facial Expressions.jpg,Negative (Organized)/Sad_Negative Facial Expressions/N193_Sad_Negative Facial Expressions.jpg,negative,Sad_Negative_Facial_Expressions,
N194_Sad_Negative Facial Expressions.jpg,Negative (Organized)/Sad_Negative Facial Expressions/N194_Sad_Negative Facial Expressions.jpg,negative,Sad_Negative_Facial_Expressions,
N195_Sad_Negative Facial Expressions.jpg,Negative (Organized)/Sad_Negative Facial Expressions/N195_Sad_Negative Facial Expressions.jpg,negative,Sad_Negative_Facial_Expressions,
N196_Sad_Negative Facial Expressions.jpg,Negative (Organized)/Sad_Negative Facial Expressions/N196_Sad_Negative Facial Expressions.jpg,negative,Sad_Negative_Facial_Expressions,
N197_Sad_Negative Facial Expressions.jpg,Negative (Organized)/Sad_Negative Facial Expressions/N197_Sad_Negative Facial Expressions.jpg,negative,Sad_Negative_Facial_Expressions,
"N198_Threatening Animals (Snakes, Spiders, etc).jpg","Negative (Organized)/Threatening Animals (Snakes, Spiders, etc)/N198_Threatening Animals (Snakes, Spiders, etc).jpg",negative,Threatening_Animals,N198_Threatening_Animals.jpg
"N199_Threatening Animals (Snakes, Spiders, etc).jpg","Negative (Organized)/Threatening Animals (Snakes, Spiders, etc)/N199_Threatening Animals (Snakes, Spiders, etc).jpg",negative,Threatening_Animals,N199_Threatening_Animals.jpg
"N200_Threatening Animals (Snakes, Spiders, etc).jpg","Negative (Organized)/Threatening Animals (Snakes, Spiders, etc)/N200_Threatening Animals (Snakes, Spiders, etc).jpg",negative,Threatening_Animals,N200_Threatening_Animals.jpg
"N201_Threatening Animals (Snakes, Spiders, etc).jpg","Negative (Organized)/Threatening Animals (Snakes, Spiders, etc)/N201_Threatening Animals (Snakes, Spiders, etc).jpg",negative,Threatening_Animals,N201_Threatening_Animals.jpg
"N202_Threatening Animals (Snakes, Spiders, etc).bmp","Negative (Organized)/Threatening Animals (Snakes, Spiders, etc)/N202_Threatening Animals (Snakes, Spiders, etc).bmp",negative,Threatening_Animals,N202_Threatening_Animals.bmp
"N203_Threatening Animals (Snakes, Spiders, etc).jpg","Negative (Organized)/Threatening Animals (Snakes, Spiders, etc)/N203_Threatening Animals (Snakes, Spiders, etc).jpg",negative,Threatening_Animals,N203_Threatening_Animals.jpg
"N204_Threatening Animals (Snakes, Spiders, etc).bmp","Negative (Organized)/Threatening Animals (Snakes, Spiders, etc)/N204_Threatening Animals (Snakes, Spiders, etc).bmp",negative,Threatening_Animals,N204_Threatening_Animals.bmp
"N205_Threatening Animals (Snakes, Spiders, etc).bmp","Negative (Organized)/Threatening Animals (Snakes, Spiders, etc)/N205_Threatening Animals (Snakes, Spiders, etc).bmp",negative,Threatening_Animals,N205_Threatening_Animals.bmp
"N206_Threatening Animals (Snakes, Spiders, etc).bmp","Negative (Organized)/Threatening Animals (Snakes, Spiders, etc)/N206_Threatening Animals (Snakes, Spiders, etc).bmp",negative,Threatening_Animals,N206_Threatening_Animals.bmp
"N207_Threatening Animals (Snakes, Spiders, etc).bmp","Negative (Organized)/Threatening Animals (Snakes, Spiders, etc)/N207_Threatening Animals (Snakes, Spiders, etc).bmp",negative,Threatening_Animals,N207_Threatening_Animals.bmp
"N208_Threatening Animals (Snakes, Spiders, etc).bmp","Negative (Organized)/Threatening Animals (Snakes, Spiders, etc)/N208_Threatening Animals (Snakes, Spiders, etc).bmp",negative,Threatening_Animals,N208_Threatening_Animals.bmp
"N209_Threatening Animals (Snakes, Spiders, etc).bmp","Negative (Organized)/Threatening Animals (Snakes, Spiders, etc)/N209_Threatening Animals (Snakes, Spiders, etc).bmp",negative,Threatening_Animals,N209_Threatening_Animals.bmp
"N210_Threatening Animals (Snakes, Spiders, etc).bmp","Negative (Organized)/Threatening Animals (Snakes, Spiders, etc)/N210_Threatening Animals (Snakes, Spiders, etc).bmp",negative,Threatening_Animals,N210_Threatening_Animals.bmp
"N211_Threatening Animals (Snakes, Spiders, etc).bmp","Negative (Organized)/Threatening Animals (Snakes, Spiders, etc)/N211_Threatening Animals (Snakes, Spiders, etc).bmp",negative,Threatening_Animals,N211_Threatening_Animals.bmp
"N212_Threatening Animals (Snakes, Spiders, etc).bmp","Negative (Organized)/Threatening Animals (Snakes, Spiders, etc)/N212_Threatening Animals (Snakes, Spiders, etc).bmp",negative,Threatening_Animals,N212_Threatening_Animals.bmp
"N213_Threatening Animals (Snakes, Spiders, etc).bmp","Negative (Organized)/Threatening Animals (Snakes, Spiders, etc)/N213_Threatening Animals (Snakes, Spiders, etc).bmp",negative,Threatening_Animals,N213_Threatening_Animals.bmp
"N214_Threatening Animals (Snakes, Spiders, etc).bmp","Negative (Organized)/Threatening Animals (Snakes, Spiders, etc)/N214_Threatening Animals (Snakes, Spiders, etc).bmp",negative,Threatening_Animals,N214_Threatening_Animals.bmp
"N215_Threatening Animals (Snakes, Spiders, etc).bmp","Negative (Organized)/Threatening Animals (Snakes, Spiders, etc)/N215_Threatening Animals (Snakes, Spiders, etc).bmp",negative,Threatening_Animals,N215_Threatening_Animals.bmp
"N216_Threatening Animals (Snakes, Spiders, etc).bmp","Negative (Organized)/Threatening Animals (Snakes, Spiders, etc)/N216_Threatening Animals (Snakes, Spiders, etc).bmp",negative,Threatening_Animals,N216_Threatening_Animals.bmp
"N217_Threatening Animals (Snakes, Spiders, etc).bmp","Negative (Organized)/Threatening Animals (Snakes, Spiders, etc)/N217_Threatening Animals (Snakes, Spiders, etc).bmp",negative,Threatening_Animals,N217_Threatening_Animals.bmp
"N218_Threatening Animals (Snakes, Spiders, etc).bmp","Negative (Organized)/Threatening Animals (Snakes, Spiders, etc)/N218_Threatening Animals (Snakes, Spiders, etc).bmp",negative,Threatening_Animals,N218_Threatening_Animals.bmp
N219_Violence_Weapons.jpg,Negative (Organized)/Violence_Weapons/N219_Violence_Weapons.jpg,negative,Violence_Weapons,
N220_Violence_Weapons.jpg,Negative (Organized)/Violence_Weapons/N220_Violence_Weapons.jpg,negative,Violence_Weapons,
N221_Violence_Weapons.jpg,Negative (Organized)/Violence_Weapons/N221_Violence_Weapons.jpg,negative,Violence_Weapons,
N222_Violence_Weapons.jpg,Negative (Organized)/Violence_Weapons/N222_Violence_Weapons.jpg,negative,Violence_Weapons,
N223_Violence_Weapons.jpg,Negative (Organized)/Violence_Weapons/N223_Violence_Weapons.jpg,negative,Violence_Weapons,
P10_Cute Animals.jpg,Positive (Organized)/Positive (Organized)/Cute Animals/P10_Cute Animals.jpg,positive,Cute_Animals,
P11_Cute Animals.jpg,Positive (Organized)/Positive (Organized)/Cute Animals/P11_Cute Animals.jpg,positive,Cute_Animals,
P12_Cute Animals.jpg,Positive (Organized)/Positive (Organized)/Cute Animals/P12_Cute Animals.jpg,positive,Cute_Animals,
P13_Cute Animals.jpg,Positive (Organized)/Positive (Organized)/Cute Animals/P13_Cute Animals.jpg,positive,Cute_Animals,
P14_Cute Animals.jpg,Positive (Organized)/Positive (Organized)/Cute Animals/P14_Cute Animals.jpg,positive,Cute_Animals,
P15_Cute Animals.jpg,Positive (Organized)/Positive (Organized)/Cute Animals/P15_Cute Animals.jpg,positive,Cute_Animals,
P16_Cute Animals.jpg,Positive (Organized)/Positive (Organized)/Cute Animals/P16_Cute Animals.jpg,positive,Cute_Animals,
P17_Cute Animals.jpg,Positive (Organized)/Positive (Organized)/Cute Animals/P17_Cute Animals.jpg,positive,Cute_Animals,
P18_Cute Animals.jpg,Positive (Organized)/Positive (Organized)/Cute Animals/P18_Cute Animals.jpg,positive,Cute_Animals,
P19_Cute Animals.jpg,Positive (Organized)/Positive (Organized)/Cute Animals/P19_Cute Animals.jpg,positive,Cute_Animals,
P1_Cute Animals.jpg,Positive (Organized)/Positive (Organized)/Cute Animals/P1_Cute Animals.jpg,positive,Cute_Animals,
P20_Cute Animals.jpg,Positive (Organized)/Positive (Organized)/Cute Animals/P20_Cute Animals.jpg,positive,Cute_Animals,
P21_Cute Animals.jpg,Positive (Organized)/Positive (Organized)/Cute Animals/P21_Cute Animals.jpg,positive,Cute_Animals,
P22_Cute Animals.jpg,Positive (Organized)/Positive (Organized)/Cute Animals/P22_Cute Animals.jpg,positive,Cute_Animals,
P23_Cute Animals.jpg,Positive (Organized)/Positive (Organized)/Cute Animals/P23_Cute Animals.jpg,positive,Cute_Animals,
P24_Cute Animals.jpg,Positive (Organized)/Positive (Organized)/Cute Animals/P24_Cute Animals.jpg,positive,Cute_Animals,
P25_Cute Animals.jpg,Positive (Organized)/Positive (Organized)/Cute Animals/P25_Cute Animals.jpg,positive,Cute_Animals,
P26_Cute Animals.jpg,Positive (Organized)/Positive (Organized)/Cute Animals/P26_Cute Animals.jpg,positive,Cute_Animals,
P27_Cute Animals.jpg,Positive (Organized)/Positive (Organized)/Cute Animals/P27_Cute Animals.jpg,positive,Cute_Animals,
P28_Cute Animals.bmp,Positive (Organized)/Positive (Organized)/Cute Animals/P28_Cute Animals.bmp,positive,Cute_Animals,
P29_Cute Animals.bmp,Positive (Organized)/Positive (Organized)/Cute Animals/P29_Cute Animals.bmp,positive,Cute_Animals,
P2_Cute Animals.jpg,Positive (Organized)/Positive (Organized)/Cute Animals/P2_Cute Animals.jpg,positive,Cute_Animals,
P30_Cute Animals.bmp,Positive (Organized)/Positive (Organized)/Cute Animals/P30_Cute Animals.bmp,positive,Cute_Animals,
P31_Cute Animals.bmp,Positive (Organized)/Positive (Organized)/Cute Animals/P31_Cute Animals.bmp,positive,Cute_Animals,
P32_Cute Animals.jpg,Positive (Organized)/Positive (Organized)/Cute Animals/P32_Cute Animals.jpg,positive,Cute_Animals,
P33_Cute Animals.bmp,Positive (Organized)/Positive (Organized)/Cute Animals/P33_Cute Animals.bmp,positive,Cute_Animals,
P34_Cute Animals.jpg,Positive (Organized)/Positive (Organized)/Cute Animals/P34_Cute Animals.jpg,positive,Cute_Animals,
P3_Cute Animals.jpg,Positive (Organized)/Positive (Organized)/Cute Animals/P3_Cute Animals.jpg,positive,Cute_Animals,
P4_Cute Animals.jpg,Positive (Organized)/Positive (Organized)/Cute Animals/P4_Cute Animals.jpg,positive,Cute_Animals,
P5_Cute Animals.jpg,Positive (Organized)/Positive (Organized)/Cute Animals/P5_Cute Animals.jpg,positive,Cute_Animals,
P6_Cute Animals.jpg,Positive (Organized)/Positive (Organized)/Cute Animals/P6_Cute Animals.jpg,positive,Cute_Animals,
P7_Cute Animals.jpg,Positive (Organized)/Positive (Organized)/Cute Animals/P7_Cute Animals.jpg,positive,Cute_Animals,
P8_Cute Animals.jpg,Positive (Organized)/Positive (Organized)/Cute Animals/P8_Cute Animals.jpg,positive,Cute_Animals,
P9_Cute Animals.jpg,Positive (Organized)/Positive (Organized)/Cute Animals/P9_Cute Animals.jpg,positive,Cute_Animals,
Cat 3.jpg,Positive (Organized)/Positive (Organized)/EAT_Deck5+9/Cat 3.jpg,positive,EAT_Deck5+9,
Happy pose 1.jpg,Positive (Organized)/Positive (Organized)/EAT_Deck5+9/Happy pose 1.jpg,positive,EAT_Deck5+9,
Landscapes_120_v.jpg,Positive (Organized)/Positive (Organized)/EAT_Deck5+9/Landscapes_120_v.jpg,positive,EAT_Deck5+9,
P017.bmp,Positive (Organized)/Positive (Organized)/EAT_Deck5+9/P017.bmp,positive,EAT_Deck5+9,
P018.bmp,Positive (Organized)/Positive (Organized)/EAT_Deck5+9/P018.bmp,positive,EAT_Deck5+9,
P042.bmp,Positive (Organized)/Positive (Organized)/EAT_Deck5+9/P042.bmp,positive,EAT_Deck5+9,
P058.bmp,Positive (Organized)/Positive (Organized)/EAT_Deck5+9/P058.bmp,positive,EAT_Deck5+9,
P064.bmp,Positive (Organized)/Positive (Organized)/EAT_Deck5+9/P064.bmp,positive,EAT_Deck5+9,
People_051_h.jpg,Positive (Organized)/Positive (Organized)/EAT_Deck5+9/People_051_h.jpg,positive,EAT_Deck5+9,
P35_Food_Drinks.jpg,Positive (Organized)/Positive (Organized)/Food_Drinks/P35_Food_Drinks.jpg,positive,Food_Drinks,
P36_Food_Drinks.jpg,Positive (Organized)/Positive (Organized)/Food_Drinks/P36_Food_Drinks.jpg,positive,Food_Drinks,
P37_Food_Drinks.jpg,Positive (Organized)/Positive (Organized)/Food_Drinks/P37_Food_Drinks.jpg,positive,Food_Drinks,
P38_Food_Drinks.jpg,Positive (Organized)/Positive (Organized)/Food_Drinks/P38_Food_Drinks.jpg,positive,Food_Drinks,
P39_Food_Drinks.jpg,Positive (Organized)/Positive (Organized)/Food_Drinks/P39_Food_Drinks.jpg,positive,Food_Drinks,
P40_Food_Drinks.jpg,Positive (Organized)/Positive (Organized)/Food_Drinks/P40_Food_Drinks.jpg,positive,Food_Drinks,
P41_Landscapes_Nature.jpg,Positive (Organized)/Positive (Organized)/Landscapes_Nature/P41_Landscapes_Nature.jpg,positive,Landscapes_Nature,
P42_Landscapes_Nature.jpg,Positive (Organized)/Positive (Organized)/Landscapes_Nature/P42_Landscapes_Nature.jpg,positive,Landscapes_Nature,
P43_Landscapes_Nature.jpg,Positive (Organized)/Positive (Organized)/Landscapes_Nature/P43_Landscapes_Nature.jpg,positive,Landscapes_Nature,
P44_Landscapes_Nature.jpg,Positive (Organized)/Positive (Organized)/Landscapes_Nature/P44_Landscapes_Nature.jpg,positive,Landscapes_Nature,
P45_Landscapes_Nature.jpg,Positive (Organized)/Positive (Organized)/Landscapes_Nature/P45_Landscapes_Nature.jpg,positive,Landscapes_Nature,
P46_Landscapes_Nature.jpg,Positive (Organized)/Positive (Organized)/Landscapes_Nature/P46_Landscapes_Nature.jpg,positive,Landscapes_Nature,
P47_Landscapes_Nature.jpg,Positive (Organized)/Positive (Organized)/Landscapes_Nature/P47_Landscapes_Nature.jpg,positive,Landscapes_Nature,
P48_Landscapes_Nature.bmp,Positive (Organized)/Positive (Organized)/Landscapes_Nature/P48_Landscapes_Nature.bmp,positive,Landscapes_Nature,
P49_Landscapes_Nature.bmp,Positive (Organized)/Positive (Organized)/Landscapes_Nature/P49_Landscapes_Nature.bmp,positive,Landscapes_Nature,
P50_Landscapes_Nature.jpg,Positive (Organized)/Positive (Organized)/Landscapes_Nature/P50_Landscapes_Nature.jpg,positive,Landscapes_Nature,
P51_Landscapes_Nature.jpg,Positive (Organized)/Positive (Organized)/Landscapes_Nature/P51_Landscapes_Nature.jpg,positive,Landscapes_Nature,
P52_Landscapes_Nature.jpg,Positive (Organized)/Positive (Organized)/Landscapes_Nature/P52_Landscapes_Nature.jpg,positive,Landscapes_Nature,
P53_Landscapes_Nature.jpg,Positive (Organized)/Positive (Organized)/Landscapes_Nature/P53_Landscapes_Nature.jpg,positive,Landscapes_Nature,
P54_Landscapes_Nature.jpg,Positive (Organized)/Positive (Organized)/Landscapes_Nature/P54_Landscapes_Nature.jpg,positive,Landscapes_Nature,
P55_Landscapes_Nature.jpg,Positive (Organized)/Positive (Organized)/Landscapes_Nature/P55_Landscapes_Nature.jpg,positive,Landscapes_Nature,
P56_Landscapes_Nature.jpg,Positive (Organized)/Positive (Organized)/Landscapes_Nature/P56_Landscapes_Nature.jpg,positive,Landscapes_Nature,
P57_Landscapes_Nature.jpg,Positive (Organized)/Positive (Organized)/Landscapes_Nature/P57_Landscapes_Nature.jpg,positive,Landscapes_Nature,
P58_Landscapes_Nature.jpg,Positive (Organized)/Positive (Organized)/Landscapes_Nature/P58_Landscapes_Nature.jpg,positive,Landscapes_Nature,
P59_Landscapes_Nature.jpg,Positive (Organized)/Positive (Organized)/Landscapes_Nature/P59_Landscapes_Nature.jpg,positive,Landscapes_Nature,
P60_Landscapes_Nature.jpg,Positive (Organized)/Positive (Organized)/Landscapes_Nature/P60_Landscapes_Nature.jpg,positive,Landscapes_Nature,
P61_Landscapes_Nature.jpg,Positive (Organized)/Positive (Organized)/Landscapes_Nature/P61_Landscapes_Nature.jpg,positive,Landscapes_Nature,
P62_Landscapes_Nature.jpg,Positive (Organized)/Positive (Organized)/Landscapes_Nature/P62_Landscapes_Nature.jpg,positive,Landscapes_Nature,
P63_Landscapes_Nature.jpg,Positive (Organized)/Positive (Organized)/Landscapes_Nature/P63_Landscapes_Nature.jpg,positive,Landscapes_Nature,
P64_Landscapes_Nature.jpg,Positive (Organized)/Positive (Organized)/Landscapes_Nature/P64_Landscapes_Nature.jpg,positive,Landscapes_Nature,
P65_Landscapes_Nature.jpg,Positive (Organized)/Positive (Organized)/Landscapes_Nature/P65_Landscapes_Nature.jpg,positive,Landscapes_Nature,
P66_Landscapes_Nature.jpg,Positive (Organized)/Positive (Organized)/Landscapes_Nature/P66_Landscapes_Nature.jpg,positive,Landscapes_Nature,
P67_Landscapes_Nature.jpg,Positive (Organized)/Positive (Organized)/Landscapes_Nature/P67_Landscapes_Nature.jpg,positive,Landscapes_Nature,
P68_Landscapes_Nature.jpg,Positive (Organized)/Positive (Organized)/Landscapes_Nature/P68_Landscapes_Nature.jpg,positive,Landscapes_Nature,
P69_Landscapes_Nature.jpg,Positive (Organized)/Positive (Organized)/Landscapes_Nature/P69_Landscapes_Nature.jpg,positive,Landscapes_Nature,
P70_Landscapes_Nature.jpg,Positive (Organized)/Positive (Organized)/Landscapes_Nature/P70_Landscapes_Nature.jpg,positive,Landscapes_Nature,
P71_Landscapes_Nature.jpg,Positive (Organized)/Positive (Organized)/Landscapes_Nature/P71_Landscapes_Nature.jpg,positive,Landscapes_Nature,
P72_Landscapes_Nature.jpg,Positive (Organized)/Positive (Organized)/Landscapes_Nature/P72_Landscapes_Nature.jpg,positive,Landscapes_Nature,
P73_Landscapes_Nature.jpg,Positive (Organized)/Positive (Organized)/Landscapes_Nature/P73_Landscapes_Nature.jpg,positive,Landscapes_Nature,
P74_Landscapes_Nature.jpg,Positive (Organized)/Positive (Organized)/Landscapes_Nature/P74_Landscapes_Nature.jpg,positive,Landscapes_Nature,
P75_Landscapes_Nature.jpg,Positive (Organized)/Positive (Organized)/Landscapes_Nature/P75_Landscapes_Nature.jpg,positive,Landscapes_Nature,
P76_Landscapes_Nature.jpg,Positive (Organized)/Positive (Organized)/Landscapes_Nature/P76_Landscapes_Nature.jpg,positive,Landscapes_Nature,
P77_Landscapes_Nature.jpg,Positive (Organized)/Positive (Organized)/Landscapes_Nature/P77_Landscapes_Nature.jpg,positive,Landscapes_Nature,
P78_Landscapes_Nature.jpg,Positive (Organized)/Positive (Organized)/Landscapes_Nature/P78_Landscapes_Nature.jpg,positive,Landscapes_Nature,
P79_Landscapes_Nature.jpg,Positive (Organized)/Positive (Organized)/Landscapes_Nature/P79_Landscapes_Nature.jpg,positive,Landscapes_Nature,
P80_Landscapes_Nature.jpg,Positive (Organized)/Positive (Organized)/Landscapes_Nature/P80_Landscapes_Nature.jpg,positive,Landscapes_Nature,
P81_Landscapes_Nature.jpg,Positive (Organized)/Positive (Organized)/Landscapes_Nature/P81_Landscapes_Nature.jpg,positive,Landscapes_Nature,
P82_Landscapes_Nature.jpg,Positive (Organized)/Positive (Organized)/Landscapes_Nature/P82_Landscapes_Nature.jpg,positive,Landscapes_Nature,
P83_Landscapes_Nature.jpg,Positive (Organized)/Positive (Organized)/Landscapes_Nature/P83_Landscapes_Nature.jpg,positive,Landscapes_Nature,
P84_Landscapes_Nature.jpg,Positive (Organized)/Positive (Organized)/Landscapes_Nature/P84_Landscapes_Nature.jpg,positive,Landscapes_Nature,
P85_Landscapes_Nature.jpg,Positive (Organized)/Positive (Organized)/Landscapes_Nature/P85_Landscapes_Nature.jpg,positive,Landscapes_Nature,
P86_Landscapes_Nature.jpg,Positive (Organized)/Positive (Organized)/Landscapes_Nature/P86_Landscapes_Nature.jpg,positive,Landscapes_Nature,
P87_Landscapes_Nature.jpg,Positive (Organized)/Positive (Organized)/Landscapes_Nature/P87_Landscapes_Nature.jpg,positive,Landscapes_Nature,
P88_Landscapes_Nature.jpg,Positive (Organized)/Positive (Organized)/Landscapes_Nature/P88_Landscapes_Nature.jpg,positive,Landscapes_Nature,
P89_Landscapes_Nature.jpg,Positive (Organized)/Positive (Organized)/Landscapes_Nature/P89_Landscapes_Nature.jpg,positive,Landscapes_Nature,
P90_Landscapes_Nature.jpg,Positive (Organized)/Positive (Organized)/Landscapes_Nature/P90_Landscapes_Nature.jpg,positive,Landscapes_Nature,
P91_Landscapes_Nature.jpg,Positive (Organized)/Positive (Organized)/Landscapes_Nature/P91_Landscapes_Nature.jpg,positive,Landscapes_Nature,
P92_Landscapes_Nature.jpg,Positive (Organized)/Positive (Organized)/Landscapes_Nature/P92_Landscapes_Nature.jpg,positive,Landscapes_Nature,
P93_Landscapes_Nature.jpg,Positive (Organized)/Positive (Organized)/Landscapes_Nature/P93_Landscapes_Nature.jpg,positive,Landscapes_Nature,
P94_Landscapes_Nature.jpg,Positive (Organized)/Positive (Organized)/Landscapes_Nature/P94_Landscapes_Nature.jpg,positive,Landscapes_Nature,
P95_Landscapes_Nature.jpg,Positive (Organized)/Positive (Organized)/Landscapes_Nature/P95_Landscapes_Nature.jpg,positive,Landscapes_Nature,
P96_Landscapes_Nature.jpg,Positive (Organized)/Positive (Organized)/Landscapes_Nature/P96_Landscapes_Nature.jpg,positive,Landscapes_Nature,
P97_Landscapes_Nature.jpg,Positive (Organized)/Positive (Organized)/Landscapes_Nature/P97_Landscapes_Nature.jpg,positive,Landscapes_Nature,
"P100_Objects_Positive (Gifts, Pleasant Scenes).jpg","Positive (Organized)/Positive (Organized)/Objects_Positive (Gifts, Pleasant Scenes)/P100_Objects_Positive (Gifts, Pleasant Scenes).jpg",positive,Objects_Positive,P100_Objects_Positive.jpg
"P101_Objects_Positive (Gifts, Pleasant Scenes).jpg","Positive (Organized)/Positive (Organized)/Objects_Positive (Gifts, Pleasant Scenes)/P101_Objects_Positive (Gifts, Pleasant Scenes).jpg",positive,Objects_Positive,P101_Objects_Positive.jpg
"P102_Objects_Positive (Gifts, Pleasant Scenes).jpg","Positive (Organized)/Positive (Organized)/Objects_Positive (Gifts, Pleasant Scenes)/P102_Objects_Positive (Gifts, Pleasant Scenes).jpg",positive,Objects_Positive,P102_Objects_Positive.jpg
"P103_Objects_Positive (Gifts, Pleasant Scenes).jpg","Positive (Organized)/Positive (Organized)/Objects_Positive (Gifts, Pleasant Scenes)/P103_Objects_Positive (Gifts, Pleasant Scenes).jpg",positive,Objects_Positive,P103_Objects_Positive.jpg
"P104_Objects_Positive (Gifts, Pleasant Scenes).jpg","Positive (Organized)/Positive (Organized)/Objects_Positive (Gifts, Pleasant Scenes)/P104_Objects_Positive (Gifts, Pleasant Scenes).jpg",positive,Objects_Positive,P104_Objects_Positive.jpg
"P105_Objects_Positive (Gifts, Pleasant Scenes).jpg","Positive (Organized)/Positive (Organized)/Objects_Positive (Gifts, Pleasant Scenes)/P105_Objects_Positive (Gifts, Pleasant Scenes).jpg",positive,Objects_Positive,P105_Objects_Positive.jpg
"P106_Objects_Positive (Gifts, Pleasant Scenes).jpg","Positive (Organized)/Positive (Organized)/Objects_Positive (Gifts, Pleasant Scenes)/P106_Objects_Positive (Gifts, Pleasant Scenes).jpg",positive,Objects_Positive,P106_Objects_Positive.jpg
"P107_Objects_Positive (Gifts, Pleasant Scenes).jpg","Positive (Organized)/Positive (Organized)/Objects_Positive (Gifts, Pleasant Scenes)/P107_Objects_Positive (Gifts, Pleasant Scenes).jpg",positive,Objects_Positive,P107_Objects_Positive.jpg
"P108_Objects_Positive (Gifts, Pleasant Scenes).jpg","Positive (Organized)/Positive (Organized)/Objects_Positive (Gifts, Pleasant Scenes)/P108_Objects_Positive (Gifts, Pleasant Scenes).jpg",positive,Objects_Positive,P108_Objects_Positive.jpg
"P109_Objects_Positive (Gifts, Pleasant Scenes).jpg","Positive (Organized)/Positive (Organized)/Objects_Positive (Gifts, Pleasant Scenes)/P109_Objects_Positive (Gifts, Pleasant Scenes).jpg",positive,Objects_Positive,P109_Objects_Positive.jpg
"P110_Objects_Positive (Gifts, Pleasant Scenes).jpg","Positive (Organized)/Positive (Organized)/Objects_Positive (Gifts, Pleasant Scenes)/P110_Objects_Positive (Gifts, Pleasant Scenes).jpg",positive,Objects_Positive,P110_Objects_Positive.jpg
"P111_Objects_Positive (Gifts, Pleasant Scenes).jpg","Positive (Organized)/Positive (Organized)/Objects_Positive (Gifts, Pleasant Scenes)/P111_Objects_Positive (Gifts, Pleasant Scenes).jpg",positive,Objects_Positive,P111_Objects_Positive.jpg
"P112_Objects_Positive (Gifts, Pleasant Scenes).jpg","Positive (Organized)/Positive (Organized)/Objects_Positive (Gifts, Pleasant Scenes)/P112_Objects_Positive (Gifts, Pleasant Scenes).jpg",positive,Objects_Positive,P112_Objects_Positive.jpg
"P113_Objects_Positive (Gifts, Pleasant Scenes).jpg","Positive (Organized)/Positive (Organized)/Objects_Positive (Gifts, Pleasant Scenes)/P113_Objects_Positive (Gifts, Pleasant Scenes).jpg",positive,Objects_Positive,P113_Objects_Positive.jpg
"P114_Objects_Positive (Gifts, Pleasant Scenes).jpg","Positive (Organized)/Positive (Organized)/Objects_Positive (Gifts, Pleasant Scenes)/P114_Objects_Positive (Gifts, Pleasant Scenes).jpg",positive,Objects_Positive,P114_Objects_Positive.jpg
"P115_Objects_Positive (Gifts, Pleasant Scenes).jpg","Positive (Organized)/Positive (Organized)/Objects_Positive (Gifts, Pleasant Scenes)/P115_Objects_Positive (Gifts, Pleasant Scenes).jpg",positive,Objects_Positive,P115_Objects_Positive.jpg
"P116_Objects_Positive (Gifts, Pleasant Scenes).jpg","Positive (Organized)/Positive (Organized)/Objects_Positive (Gifts, Pleasant Scenes)/P116_Objects_Positive (Gifts, Pleasant Scenes).jpg",positive,Objects_Positive,P116_Objects_Positive.jpg
"P117_Objects_Positive (Gifts, Pleasant Scenes).jpg","Positive (Organized)/Positive (Organized)/Objects_Positive (Gifts, Pleasant Scenes)/P117_Objects_Positive (Gifts, Pleasant Scenes).jpg",positive,Objects_Positive,P117_Objects_Positive.jpg
"P98_Objects_Positive (Gifts, Pleasant Scenes).jpg","Positive (Organized)/Positive (Organized)/Objects_Positive (Gifts, Pleasant Scenes)/P98_Objects_Positive (Gifts, Pleasant Scenes).jpg",positive,Objects_Positive,P98_Objects_Positive.jpg
"P99_Objects_Positive (Gifts, Pleasant Scenes).jpg","Positive (Organized)/Positive (Organized)/Objects_Positive (Gifts, Pleasant Scenes)/P99_Objects_Positive (Gifts, Pleasant Scenes).jpg",positive,Objects_Positive,P99_Objects_Positive.jpg
P118_People_Children.jpg,Positive (Organized)/Positive (Organized)/People_Children/P118_People_Children.jpg,positive,People_Children,
P119_People_Children.jpg,Positive (Organized)/Positive (Organized)/People_Children/P119_People_Children.jpg,positive,People_Children,
P120_People_Children.jpg,Positive (Organized)/Positive (Organized)/People_Children/P120_People_Children.jpg,positive,People_Children,
P121_People_Children.jpg,Positive (Organized)/Positive (Organized)/People_Children/P121_People_Children.jpg,positive,People_Children,
P122_People_Children.jpg,Positive (Organized)/Positive (Organized)/People_Children/P122_People_Children.jpg,positive,People_Children,
P123_People_Children.jpg,Positive (Organized)/Positive (Organized)/People_Children/P123_People_Children.jpg,positive,People_Children,
P124_People_Children.jpg,Positive (Organized)/Positive (Organized)/People_Children/P124_People_Children.jpg,positive,People_Children,
P125_People_Children.jpg,Positive (Organized)/Positive (Organized)/People_Children/P125_People_Children.jpg,positive,People_Children,
P126_People_Children.jpg,Positive (Organized)/Positive (Organized)/People_Children/P126_People_Children.jpg,positive,People_Children,
P127_People_Children.jpg,Positive (Organized)/Positive (Organized)/People_Children/P127_People_Children.jpg,positive,People_Children,
P128_People_Children.jpg,Positive (Organized)/Positive (Organized)/People_Children/P128_People_Children.jpg,positive,People_Children,
P129_People_Children.jpg,Positive (Organized)/Positive (Organized)/People_Children/P129_People_Children.jpg,positive,People_Children,
P130_People_Children.jpg,Positive (Organized)/Positive (Organized)/People_Children/P130_People_Children.jpg,positive,People_Children,
P131_People_Children.jpg,Positive (Organized)/Positive (Organized)/People_Children/P131_People_Children.jpg,positive,People_Children,
P132_People_Children.jpg,Positive (Organized)/Positive (Organized)/People_Children/P132_People_Children.jpg,positive,People_Children,
P133_People_Children.jpg,Positive (Organized)/Positive (Organized)/People_Children/P133_People_Children.jpg,positive,People_Children,
P134_People_Children.jpg,Positive (Organized)/Positive (Organized)/People_Children/P134_People_Children.jpg,positive,People_Children,
P135_People_Children.bmp,Positive (Organized)/Positive (Organized)/People_Children/P135_People_Children.bmp,positive,People_Children,
P136_People_Children.bmp,Positive (Organized)/Positive (Organized)/People_Children/P136_People_Children.bmp,positive,People_Children,
P137_People_Children.bmp,Positive (Organized)/Positive (Organized)/People_Children/P137_People_Children.bmp,positive,People_Children,
P138_People_Children.bmp,Positive (Organized)/Positive (Organized)/People_Children/P138_People_Children.bmp,positive,People_Children,
P139_People_Children.bmp,Positive (Organized)/Positive (Organized)/People_Children/P139_People_Children.bmp,positive,People_Children,
P140_People_Children.jpg,Positive (Organized)/Positive (Organized)/People_Children/P140_People_Children.jpg,positive,People_Children,
P141_People_Children.jpg,Positive (Organized)/Positive (Organized)/People_Children/P141_People_Children.jpg,positive,People_Children,
P142_People_Children.jpg,Positive (Organized)/Positive (Organized)/People_Children/P142_People_Children.jpg,positive,People_Children,
P143_People_Children.jpg,Positive (Organized)/Positive (Organized)/People_Children/P143_People_Children.jpg,positive,People_Children,
P144_People_Children.jpg,Positive (Organized)/Positive (Organized)/People_Children/P144_People_Children.jpg,positive,People_Children,
P145_People_Children.jpg,Positive (Organized)/Positive (Organized)/People_Children/P145_People_Children.jpg,positive,People_Children,
P146_People_Children.jpg,Positive (Organized)/Positive (Organized)/People_Children/P146_People_Children.jpg,positive,People_Children,
P147_People_Children.jpg,Positive (Organized)/Positive (Organized)/People_Children/P147_People_Children.jpg,positive,People_Children,
P148_People_Children.jpg,Positive (Organized)/Positive (Organized)/People_Children/P148_People_Children.jpg,positive,People_Children,
P149_People_Children.jpg,Positive (Organized)/Positive (Organized)/People_Children/P149_People_Children.jpg,positive,People_Children,
P150_People_Children.jpg,Positive (Organized)/Positive (Organized)/People_Children/P150_People_Children.jpg,positive,People_Children,
P151_People_Children.jpg,Positive (Organized)/Positive (Organized)/People_Children/P151_People_Children.jpg,positive,People_Children,
P152_People_Children.jpg,Positive (Organized)/Positive (Organized)/People_Children/P152_People_Children.jpg,positive,People_Children,
P153_People_Children.jpg,Positive (Organized)/Positive (Organized)/People_Children/P153_People_Children.jpg,positive,People_Children,
P154_People_Children.jpg,Positive (Organized)/Positive (Organized)/People_Children/P154_People_Children.jpg,positive,People_Children,
P155_People_Children.jpg,Positive (Organized)/Positive (Organized)/People_Children/P155_People_Children.jpg,positive,People_Children,
P156_People_Children.jpg,Positive (Organized)/Positive (Organized)/People_Children/P156_People_Children.jpg,positive,People_Children,
P157_People_Children.jpg,Positive (Organized)/Positive (Organized)/People_Children/P157_People_Children.jpg,positive,People_Children,
P158_People_Children.jpg,Positive (Organized)/Positive (Organized)/People_Children/P158_People_Children.jpg,positive,People_Children,
P159_People_Children.jpg,Positive (Organized)/Positive (Organized)/People_Children/P159_People_Children.jpg,positive,People_Children,
P160_People_Children.jpg,Positive (Organized)/Positive (Organized)/People_Children/P160_People_Children.jpg,positive,People_Children,
P161_People_Children.jpg,Positive (Organized)/Positive (Organized)/People_Children/P161_People_Children.jpg,positive,People_Children,
P162_People_Children.jpg,Positive (Organized)/Positive (Organized)/People_Children/P162_People_Children.jpg,positive,People_Children,
P163_Positive People.jpg,Positive (Organized)/Positive (Organized)/Positive People/P163_Positive People.jpg,positive,Positive_People,
P164_Positive People.jpg,Positive (Organized)/Positive (Organized)/Positive People/P164_Positive People.jpg,positive,Positive_People,
P165_Positive People.jpg,Positive (Organized)/Positive (Organized)/Positive People/P165_Positive People.jpg,positive,Positive_People,
P166_Positive People.jpg,Positive (Organized)/Positive (Organized)/Positive People/P166_Positive People.jpg,positive,Positive_People,
P167_Positive People.jpg,Positive (Organized)/Positive (Organized)/Positive People/P167_Positive People.jpg,positive,Positive_People,
P168_Positive People.jpg,Positive (Organized)/Positive (Organized)/Positive People/P168_Positive People.jpg,positive,Positive_People,
P169_Positive People.jpg,Positive (Organized)/Positive (Organized)/Positive People/P169_Positive People.jpg,positive,Positive_People,
P170_Positive People.jpg,Positive (Organized)/Positive (Organized)/Positive People/P170_Positive People.jpg,positive,Positive_People,
P171_Positive People.jpg,Positive (Organized)/Positive (Organized)/Positive People/P171_Positive People.jpg,positive,Positive_People,
P172_Positive People.jpg,Positive (Organized)/Positive (Organized)/Positive People/P172_Positive People.jpg,positive,Positive_People,
P173_Positive People.jpg,Positive (Organized)/Positive (Organized)/Positive People/P173_Positive People.jpg,positive,Positive_People,
P174_Positive People.jpg,Positive (Organized)/Positive (Organized)/Positive People/P174_Positive People.jpg,positive,Positive_People,
P175_Positive People.jpg,Positive (Organized)/Positive (Organized)/Positive People/P175_Positive People.jpg,positive,Positive_People,
P176_Positive People.jpg,Positive (Organized)/Positive (Organized)/Positive People/P176_Positive People.jpg,positive,Positive_People,
P177_Positive People.jpg,Positive (Organized)/Positive (Organized)/Positive People/P177_Positive People.jpg,positive,Positive_People,
P178_Positive People.jpg,Positive (Organized)/Positive (Organized)/Positive People/P178_Positive People.jpg,positive,Positive_People,
P179_Positive People.jpg,Positive (Organized)/Positive (Organized)/Positive People/P179_Positive People.jpg,positive,Positive_People,
P180_Positive People.jpg,Positive (Organized)/Positive (Organized)/Positive People/P180_Positive People.jpg,positive,Positive_People,
P181_Positive People.jpg,Positive (Organized)/Positive (Organized)/Positive People/P181_Positive People.jpg,positive,Positive_People,
P182_Positive People.jpg,Positive (Organized)/Positive (Organized)/Positive People/P182_Positive People.jpg,positive,Positive_People,
P183_Positive People.bmp,Positive (Organized)/Positive (Organized)/Positive People/P183_Positive People.bmp,positive,Positive_People,
P184_Positive People.jpg,Positive (Organized)/Positive (Organized)/Positive People/P184_Positive People.jpg,positive,Positive_People,
P185_Positive People.jpg,Positive (Organized)/Positive (Organized)/Positive People/P185_Positive People.jpg,positive,Positive_People,
P186_Positive People.jpg,Positive (Organized)/Positive (Organized)/Positive People/P186_Positive People.jpg,positive,Positive_People,
P187_Positive People.jpg,Positive (Organized)/Positive (Organized)/Positive People/P187_Positive People.jpg,positive,Positive_People,
P188_Positive People.jpg,Positive (Organized)/Positive (Organized)/Positive People/P188_Positive People.jpg,positive,Positive_People,
P189_Positive People.jpg,Positive (Organized)/Positive (Organized)/Positive People/P189_Positive People.jpg,positive,Positive_People,
P190_Positive People.jpg,Positive (Organized)/Positive (Organized)/Positive People/P190_Positive People.jpg,positive,Positive_People,
P191_Positive People.jpg,Positive (Organized)/Positive (Organized)/Positive People/P191_Positive People.jpg,positive,Positive_People,
P192B_Positive People.bmp,Positive (Organized)/Positive (Organized)/Positive People/P192B_Positive People.bmp,positive,Positive_People,
P192_Positive People.jpg,Positive (Organized)/Positive (Organized)/Positive People/P192_Positive People.jpg,positive,Positive_People,
P193_Recreation_Sports.jpg,Positive (Organized)/Positive (Organized)/Recreation_Sports/P193_Recreation_Sports.jpg,positive,Recreation_Sports,
P194_Recreation_Sports.jpg,Positive (Organized)/Positive (Organized)/Recreation_Sports/P194_Recreation_Sports.jpg,positive,Recreation_Sports,
P195_Recreation_Sports.jpg,Positive (Organized)/Positive (Organized)/Recreation_Sports/P195_Recreation_Sports.jpg,positive,Recreation_Sports,
P196_Recreation_Sports.jpg,Positive (Organized)/Positive (Organized)/Recreation_Sports/P196_Recreation_Sports.jpg,positive,Recreation_Sports,
P197_Recreation_Sports.jpg,Positive (Organized)/Positive (Organized)/Recreation_Sports/P197_Recreation_Sports.jpg,positive,Recreation_Sports,
P198_Recreation_Sports.jpg,Positive (Organized)/Positive (Organized)/Recreation_Sports/P198_Recreation_Sports.jpg,positive,Recreation_Sports,
P199_Recreation_Sports.jpg,Positive (Organized)/Positive (Organized)/Recreation_Sports/P199_Recreation_Sports.jpg,positive,Recreation_Sports,
P200_Recreation_Sports.jpg,Positive (Organized)/Positive (Organized)/Recreation_Sports/P200_Recreation_Sports.jpg,positive,Recreation_Sports,
P201_Recreation_Sports.jpg,Positive (Organized)/Positive (Organized)/Recreation_Sports/P201_Recreation_Sports.jpg,positive,Recreation_Sports,
P202_Recreation_Sports.jpg,Positive (Organized)/Positive (Organized)/Recreation_Sports/P202_Recreation_Sports.jpg,positive,Recreation_Sports,
P203_Recreation_Sports.jpg,Positive (Organized)/Positive (Organized)/Recreation_Sports/P203_Recreation_Sports.jpg,positive,Recreation_Sports,
P204_Recreation_Sports.jpg,Positive (Organized)/Positive (Organized)/Recreation_Sports/P204_Recreation_Sports.jpg,positive,Recreation_Sports,
P205_Recreation_Sports.jpg,Positive (Organized)/Positive (Organized)/Recreation_Sports/P205_Recreation_Sports.jpg,positive,Recreation_Sports,
P206_Recreation_Sports.jpg,Positive (Organized)/Positive (Organized)/Recreation_Sports/P206_Recreation_Sports.jpg,positive,Recreation_Sports,
P207_Recreation_Sports.jpg,Positive (Organized)/Positive (Organized)/Recreation_Sports/P207_Recreation_Sports.jpg,positive,Recreation_Sports,
P208_Recreation_Sports.jpg,Positive (Organized)/Positive (Organized)/Recreation_Sports/P208_Recreation_Sports.jpg,positive,Recreation_Sports,
P209_Recreation_Sports.jpg,Positive (Organized)/Positive (Organized)/Recreation_Sports/P209_Recreation_Sports.jpg,positive,Recreation_Sports,
P210_Recreation_Sports.jpg,Positive (Organized)/Positive (Organized)/Recreation_Sports/P210_Recreation_Sports.jpg,positive,Recreation_Sports,
P211_Recreation_Sports.jpg,Positive (Organized)/Positive (Organized)/Recreation_Sports/P211_Recreation_Sports.jpg,positive,Recreation_Sports,
P212_Recreation_Sports.jpg,Positive (Organized)/Positive (Organized)/Recreation_Sports/P212_Recreation_Sports.jpg,positive,Recreation_Sports,
P213_Recreation_Sports.jpg,Positive (Organized)/Positive (Organized)/Recreation_Sports/P213_Recreation_Sports.jpg,positive,Recreation_Sports,
P214_Recreation_Sports.jpg,Positive (Organized)/Positive (Organized)/Recreation_Sports/P214_Recreation_Sports.jpg,positive,Recreation_Sports,
P215_Recreation_Sports.jpg,Positive (Organized)/Positive (Organized)/Recreation_Sports/P215_Recreation_Sports.jpg,positive,Recreation_Sports,
P216_Recreation_Sports.jpg,Positive (Organized)/Positive (Organized)/Recreation_Sports/P216_Recreation_Sports.jpg,positive,Recreation_Sports,
P217_Recreation_Sports.jpg,Positive (Organized)/Positive (Organized)/Recreation_Sports/P217_Recreation_Sports.jpg,positive,Recreation_Sports,
P218_Recreation_Sports.jpg,Positive (Organized)/Positive (Organized)/Recreation_Sports/P218_Recreation_Sports.jpg,positive,Recreation_Sports,
P219_Recreation_Sports.jpg,Positive (Organized)/Positive (Organized)/Recreation_Sports/P219_Recreation_Sports.jpg,positive,Recreation_Sports,
P220_Recreation_Sports.jpg,Positive (Organized)/Positive (Organized)/Recreation_Sports/P220_Recreation_Sports.jpg,positive,Recreation_Sports,
P221_Recreation_Sports.jpg,Positive (Organized)/Positive (Organized)/Recreation_Sports/P221_Recreation_Sports.jpg,positive,Recreation_Sports,
P222_Recreation_Sports.jpg,Positive (Organized)/Positive (Organized)/Recreation_Sports/P222_Recreation_Sports.jpg,positive,Recreation_Sports,
P223_Recreation_Sports.jpg,Positive (Organized)/Positive (Organized)/Recreation_Sports/P223_Recreation_Sports.jpg,positive,Recreation_Sports,
P224_Recreation_Sports.jpg,Positive (Organized)/Positive (Organized)/Recreation_Sports/P224_Recreation_Sports.jpg,positive,Recreation_Sports,
